level_0,level_1,level_2,incorr2_data
0,0,0,-1.0382835325901734e-05
0,0,1,-1.0194273060754283e-05
0,0,2,-9.558582093275442e-06
0,0,3,-8.821295472924342e-06
0,0,4,-7.645324626774706e-06
0,0,5,-5.317068359649826e-06
0,0,6,-1.6567626763793662e-06
0,0,7,2.208589863753819e-06
0,0,8,4.548013088892408e-06
0,0,9,4.363597028253182e-06
0,0,10,2.334743147232467e-06
0,0,11,1.069698571451173e-07
0,0,12,-9.976745935508919e-07
0,0,13,-8.991637648540735e-07
0,0,14,-2.419736610722761e-07
0,0,15,4.580553263665737e-07
0,0,16,1.3272459198065888e-06
0,0,17,2.5699564886109933e-06
0,0,18,3.9734005123138495e-06
0,0,19,4.8562845036625405e-06
0,0,20,4.855824663134472e-06
0,0,21,4.189549571166553e-06
0,0,22,3.4864119307907206e-06
0,0,23,2.97359497264495e-06
0,0,24,2.4081873920802006e-06
0,1,0,-6.523149301642913e-06
0,1,1,-2.7832017127366054e-06
0,1,2,2.6805677806973307e-06
0,1,3,7.740034313258293e-06
0,1,4,1.0764638297012272e-05
0,1,5,1.1891778008098197e-05
0,1,6,1.2797712597309983e-05
0,1,7,1.518757512606792e-05
0,1,8,1.9426696524794344e-05
0,1,9,2.4147906875113495e-05
0,1,10,2.698228385459309e-05
0,1,11,2.5779148947881886e-05
0,1,12,2.0030208114053425e-05
0,1,13,1.1708920093805267e-05
0,1,14,4.806746145508194e-06
0,1,15,3.2236727318528694e-06
0,1,16,8.068314611765586e-06
0,1,17,1.649894863505212e-05
0,1,18,2.348927990610569e-05
0,1,19,2.5460098201745716e-05
0,1,20,2.2824912206454752e-05
0,1,21,1.9091043498326737e-05
0,1,22,1.741149634223798e-05
0,1,23,1.7789914537815962e-05
0,1,24,1.767287639227325e-05
0,2,0,-1.1600569441783343e-05
0,2,1,-1.2749423521096607e-05
0,2,2,-1.1373119365395892e-05
0,2,3,-7.783522712566295e-06
0,2,4,-3.6146328595551894e-06
0,2,5,-4.4961712534725563e-07
0,2,6,1.4077866790695922e-06
0,2,7,2.475122928947179e-06
0,2,8,3.1501881054397756e-06
0,2,9,3.062801306606103e-06
0,2,10,1.804391494773108e-06
0,2,11,-3.1041277460263047e-07
0,2,12,-1.9657997038008597e-06
0,2,13,-1.934924359103934e-06
0,2,14,-8.644315259178674e-09
0,2,15,2.6541820657131378e-06
0,2,16,4.642386262331325e-06
0,2,17,5.286366000847756e-06
0,2,18,5.187720385034126e-06
0,2,19,5.371595478216676e-06
0,2,20,6.435926575655885e-06
0,2,21,7.809307251543658e-06
0,2,22,8.399877822397317e-06
0,2,23,7.383476732657874e-06
0,2,24,5.17516608378166e-06
1,0,0,4.406756190474236e-06
1,0,1,1.0354073237650603e-07
1,0,2,-7.316399678413191e-06
1,0,3,-1.3884884745029875e-05
1,0,4,-1.6692065649733922e-05
1,0,5,-1.5445857073304904e-05
1,0,6,-1.2312008949920666e-05
1,0,7,-9.810859192603961e-06
1,0,8,-9.141283362415183e-06
1,0,9,-9.42473211981888e-06
1,0,10,-8.888262660207414e-06
1,0,11,-6.214795668550515e-06
1,0,12,-1.9132058072009054e-06
1,0,13,2.0377880295083e-06
1,0,14,3.172076369056684e-06
1,0,15,4.612711632557572e-07
1,0,16,-4.967729984301774e-06
1,0,17,-1.0105721744887108e-05
1,0,18,-1.2245890866903822e-05
1,0,19,-1.0615663062641962e-05
1,0,20,-7.096475852694001e-06
1,0,21,-4.39576622013213e-06
1,0,22,-4.155949925999341e-06
1,0,23,-5.658218735974746e-06
1,0,24,-7.257291980662076e-06
1,1,0,4.6844794967460174e-06
1,1,1,1.0367448858105744e-05
1,1,2,9.023193113385781e-06
1,1,3,1.7642000138081608e-06
1,1,4,-6.8801972817938355e-06
1,1,5,-1.2985254773184725e-05
1,1,6,-1.5718394076912013e-05
1,1,7,-1.6572531850692356e-05
1,1,8,-1.6598614703936345e-05
1,1,9,-1.5142988057143805e-05
1,1,10,-1.0975562490624373e-05
1,1,11,-4.492848596429058e-06
1,1,12,1.8840950641506543e-06
1,1,13,5.386634519031412e-06
1,1,14,4.997329307913098e-06
1,1,15,1.731622095004146e-06
1,1,16,-2.6324098536219048e-06
1,1,17,-6.934483202362181e-06
1,1,18,-1.0534308396558214e-05
1,1,19,-1.258096181675362e-05
1,1,20,-1.1976970014284847e-05
1,1,21,-8.722538898755443e-06
1,1,22,-4.933370001552551e-06
1,1,23,-4.075832172728436e-06
1,1,24,-8.321577603365518e-06
1,2,0,2.859781713463838e-06
1,2,1,5.441072598065632e-07
1,2,2,-3.886837715692262e-06
1,2,3,-8.597011165741996e-06
1,2,4,-1.127866579262414e-05
1,2,5,-1.0766094216152565e-05
1,2,6,-7.757458049216612e-06
1,2,7,-4.139859873091576e-06
1,2,8,-1.3897274791536753e-06
1,2,9,4.00980713102097e-07
1,2,10,2.321669888295436e-06
1,2,11,5.384630356476721e-06
1,2,12,9.47673702764119e-06
1,2,13,1.3203690665549643e-05
1,2,14,1.4843438332895757e-05
1,2,15,1.34870906740366e-05
1,2,16,9.731135068645849e-06
1,2,17,5.2387968806510315e-06
1,2,18,1.7186310543893803e-06
1,2,19,-1.1887692785210634e-07
1,2,20,-6.556364594343428e-07
1,2,21,-7.077208570947717e-07
1,2,22,-5.060095721005025e-07
1,2,23,4.324812444663372e-07
1,2,24,2.5228055540843757e-06
2,0,0,-1.1432850612723834e-06
2,0,1,-3.20673975924294e-06
2,0,2,-3.855263697155023e-06
2,0,3,-3.3530909194605927e-06
2,0,4,-2.862078369518978e-06
2,0,5,-3.387196243689525e-06
2,0,6,-4.4848330376039516e-06
2,0,7,-4.487599720527972e-06
2,0,8,-1.9762094165145887e-06
2,0,9,2.436207105269947e-06
2,0,10,6.275624857898798e-06
2,0,11,7.134235890486997e-06
2,0,12,5.044867141491615e-06
2,0,13,2.5898156695180108e-06
2,0,14,2.7804965116553414e-06
2,0,15,6.157754342792619e-06
2,0,16,1.0330298545569903e-05
2,0,17,1.197271576180444e-05
2,0,18,9.86304090619893e-06
2,0,19,5.638229497323437e-06
2,0,20,2.161434927450454e-06
2,0,21,7.479357575486386e-07
2,0,22,4.2702172958918155e-07
2,0,23,-7.847828900211268e-07
2,0,24,-3.5711160840120693e-06
2,1,0,-2.806370181114806e-06
2,1,1,-8.992019272523286e-06
2,1,2,-1.3051834151921182e-05
2,1,3,-1.3863537085071756e-05
2,1,4,-1.1209726820798243e-05
2,1,5,-6.455955832074668e-06
2,1,6,-1.0678158264409778e-06
2,1,7,3.6315676511545494e-06
2,1,8,7.321169068700358e-06
2,1,9,9.577026646102242e-06
2,1,10,1.0453948353895146e-05
2,1,11,1.0088399144741133e-05
2,1,12,9.713140897602078e-06
2,1,13,1.0387230004366187e-05
2,1,14,1.287113574188032e-05
2,1,15,1.637406991746753e-05
2,1,16,2.0119401169391734e-05
2,1,17,2.3393826616742853e-05
2,1,18,2.6507978722572004e-05
2,1,19,2.8722855923292868e-05
2,1,20,2.851246432978606e-05
2,1,21,2.3641653012732456e-05
2,1,22,1.4634787148476197e-05
2,1,23,4.994909688172446e-06
2,1,24,3.573620741508604e-07
2,2,0,1.0520123189382226e-05
2,2,1,1.1155694831154416e-05
2,2,2,9.932028626941569e-06
2,2,3,6.637877330608699e-06
2,2,4,3.0216866885051004e-06
2,2,5,1.1232541677631125e-06
2,2,6,1.7083028324021445e-06
2,2,7,3.668209010447695e-06
2,2,8,5.371730447232431e-06
2,2,9,5.984776087693326e-06
2,2,10,6.159349232725414e-06
2,2,11,6.985275935627905e-06
2,2,12,8.9637645458991e-06
2,2,13,1.1342878302313434e-05
2,2,14,1.3018706716410168e-05
2,2,15,1.3391109150143101e-05
2,2,16,1.3048995073217822e-05
2,2,17,1.2922020879809122e-05
2,2,18,1.3477658122445016e-05
2,2,19,1.3974042875771115e-05
2,2,20,1.3327930554046189e-05
2,2,21,1.1026139855541508e-05
2,2,22,8.045195256102013e-06
2,2,23,5.985703408505072e-06
2,2,24,5.9950133602090295e-06
3,0,0,-1.5238484820354035e-06
3,0,1,-3.919224458707115e-06
3,0,2,-4.439583492729193e-06
3,0,3,-2.8201350198333707e-06
3,0,4,-5.769437479581449e-07
3,0,5,4.207065620838477e-07
3,0,6,-3.3467738874910925e-07
3,0,7,-1.7393664425051423e-06
3,0,8,-2.3075594415850477e-06
3,0,9,-1.564902982535723e-06
3,0,10,-1.1572090160913942e-07
3,0,11,1.366965373014282e-06
3,0,12,3.026019703227854e-06
3,0,13,5.454581050223946e-06
3,0,14,8.664730687053584e-06
3,0,15,1.149760445366769e-05
3,0,16,1.2396541026741875e-05
3,0,17,1.06322784396973e-05
3,0,18,6.97313891055083e-06
3,0,19,3.0223129665660735e-06
3,0,20,7.531852587273416e-08
3,0,21,-1.7389529862075554e-06
3,0,22,-3.198897732009518e-06
3,0,23,-5.2044521774130255e-06
3,0,24,-7.889445377496187e-06
3,1,0,7.703609413707395e-06
3,1,1,-5.227752886322834e-07
3,1,2,-1.0156628710689076e-05
3,1,3,-1.5406223476398338e-05
3,1,4,-1.3720490301053823e-05
3,1,5,-7.519374160617576e-06
3,1,6,-1.9073462965479496e-06
3,1,7,-4.7323233752962415e-07
3,1,8,-2.9418816195173238e-06
3,1,9,-6.143230075986758e-06
3,1,10,-7.001709413740178e-06
3,1,11,-4.637360394534436e-06
3,1,12,-3.4480479430320126e-07
3,1,13,3.926195917599028e-06
3,1,14,6.81526954546041e-06
3,1,15,7.805145403726329e-06
3,1,16,6.849008161420123e-06
3,1,17,4.2415050024763486e-06
3,1,18,6.426438272038252e-07
3,1,19,-3.0894706020425343e-06
3,1,20,-6.626074999586864e-06
3,1,21,-1.0665143213134528e-05
3,1,22,-1.6547049991556253e-05
3,1,23,-2.472504020724505e-05
3,1,24,-3.3530235440920814e-05
3,2,0,2.315776362540127e-06
3,2,1,1.1348341273270508e-06
3,2,2,5.881584999191443e-07
3,2,3,1.289834263964298e-07
3,2,4,-1.1669939514104304e-06
3,2,5,-3.4374341851789003e-06
3,2,6,-5.4298307886368514e-06
3,2,7,-5.2750809904199975e-06
3,2,8,-2.1930389593132984e-06
3,2,9,2.5217399900759004e-06
3,2,10,6.297561870432448e-06
3,2,11,7.367811595681108e-06
3,2,12,6.2137050024878965e-06
3,2,13,5.058828976765519e-06
3,2,14,5.8736412904488475e-06
3,2,15,8.726686194657327e-06
3,2,16,1.1920847641987316e-05
3,2,17,1.3627976498610918e-05
3,2,18,1.3414040058501659e-05
3,2,19,1.2324909222962842e-05
3,2,20,1.1597758011719329e-05
3,2,21,1.1315011384235862e-05
3,2,22,1.0293224630590148e-05
3,2,23,7.240061057583406e-06
3,2,24,2.1185515240270867e-06
4,0,0,-1.9263909794626573e-07
4,0,1,3.860779964502415e-06
4,0,2,7.826835761293182e-06
4,0,3,1.0678002740813458e-05
4,0,4,1.2411170067338942e-05
4,0,5,1.3470485483322073e-05
4,0,6,1.375443264382977e-05
4,0,7,1.2494487059220476e-05
4,0,8,9.095767881285664e-06
4,0,9,4.044243966073638e-06
4,0,10,-1.2672008058523877e-06
4,0,11,-5.579407017115048e-06
4,0,12,-8.736838338467676e-06
4,0,13,-1.152856729175623e-05
4,0,14,-1.4702251283671723e-05
4,0,15,-1.8059321424410807e-05
4,0,16,-2.057820705627213e-05
4,0,17,-2.1294401402781175e-05
4,0,18,-2.0154651729366205e-05
4,0,19,-1.7992079933521594e-05
4,0,20,-1.5920872338799717e-05
4,0,21,-1.4512962877943555e-05
4,0,22,-1.3575268005676833e-05
4,0,23,-1.2409777449030835e-05
4,0,24,-1.043604949789754e-05
4,1,0,9.417440154989287e-06
4,1,1,1.444443354253744e-05
4,1,2,1.8642538912390003e-05
4,1,3,1.9130471913225526e-05
4,1,4,1.608554472436077e-05
4,1,5,1.2094517476868142e-05
4,1,6,9.761294641001813e-06
4,1,7,9.546189682082303e-06
4,1,8,9.875141551487392e-06
4,1,9,8.559784455650066e-06
4,1,10,4.456781673998112e-06
4,1,11,-2.075692676961033e-06
4,1,12,-9.319345692973145e-06
4,1,13,-1.5011937872218902e-05
4,1,14,-1.7158556403160932e-05
4,1,15,-1.5215014217831403e-05
4,1,16,-1.0483884554349026e-05
4,1,17,-5.5758814518005605e-06
4,1,18,-2.519930459390289e-06
4,1,19,-1.4528565987380736e-06
4,1,20,-5.90859289951039e-07
4,1,21,1.967287455256189e-06
4,1,22,6.703139760997365e-06
4,1,23,1.225069299900074e-05
4,1,24,1.6806413146110816e-05
4,2,0,7.08162344019485e-06
4,2,1,1.0420493500286614e-05
4,2,2,1.129524988306127e-05
4,2,3,1.0545080451966529e-05
4,2,4,1.0251411884345662e-05
4,2,5,1.1366106797342846e-05
4,2,6,1.2355930996308935e-05
4,2,7,1.0669084599432862e-05
4,2,8,5.382995812574338e-06
4,2,9,-1.4973529910390708e-06
4,2,10,-6.808365389177431e-06
4,2,11,-9.082831956050647e-06
4,2,12,-9.842233122303828e-06
4,2,13,-1.1705374519607042e-05
4,2,14,-1.5557429519406397e-05
4,2,15,-1.9412237741607986e-05
4,2,16,-2.0465153225178315e-05
4,2,17,-1.7896500042494383e-05
4,2,18,-1.3875376523477976e-05
4,2,19,-1.144107681052501e-05
4,2,20,-1.1864122092794581e-05
4,2,21,-1.3632187822940761e-05
4,2,22,-1.4315532675523795e-05
4,2,23,-1.2800259182512894e-05
4,2,24,-1.0154015186675117e-05
5,0,0,-4.260060149860532e-06
5,0,1,-4.02649208442203e-06
5,0,2,-3.4516317614830168e-06
5,0,3,-1.747654304048017e-06
5,0,4,1.499800532267483e-06
5,0,5,5.657771264574806e-06
5,0,6,9.239310885620277e-06
5,0,7,1.106898142220797e-05
5,0,8,1.1258207254699723e-05
5,0,9,1.1110844372560743e-05
5,0,10,1.1912834629747412e-05
5,0,11,1.3835264168553262e-05
5,0,12,1.58027195165339e-05
5,0,13,1.6606993696849696e-05
5,0,14,1.5996271633487514e-05
5,0,15,1.4888699155504986e-05
5,0,16,1.4326226878184477e-05
5,0,17,1.4400595897258754e-05
5,0,18,1.4022930035709289e-05
5,0,19,1.1986797650380767e-05
5,0,20,8.093884509990132e-06
5,0,21,3.48615909125986e-06
5,0,22,-3.065506507687367e-07
5,0,23,-2.537912988901704e-06
5,0,24,-3.7111389800004873e-06
5,1,0,-3.988808807983007e-06
5,1,1,-4.622846677867273e-06
5,1,2,-4.871566197667325e-06
5,1,3,-5.056111770354013e-06
5,1,4,-4.537538983952834e-06
5,1,5,-3.1360614697234545e-06
5,1,6,-2.1932965282166786e-06
5,1,7,-3.902194715859475e-06
5,1,8,-9.045385512035495e-06
5,1,9,-1.568500907249762e-05
5,1,10,-2.0036076901552478e-05
5,1,11,-1.9202707621495535e-05
5,1,12,-1.322282934474318e-05
5,1,13,-5.068855246507267e-06
5,1,14,1.4689520176646597e-06
5,1,15,3.9928949858400215e-06
5,1,16,2.484574761826727e-06
5,1,17,-1.4742294516998072e-06
5,1,18,-6.06035618993053e-06
5,1,19,-1.0408387761827746e-05
5,1,20,-1.4757333194014921e-05
5,1,21,-1.993743965309023e-05
5,1,22,-2.6251800982308397e-05
5,1,23,-3.274647218542504e-05
5,1,24,-3.706891785199072e-05
5,2,0,-4.4616745736676195e-07
5,2,1,-6.309771018440448e-07
5,2,2,-2.3047692936973722e-06
5,2,3,-4.035417865558234e-06
5,2,4,-3.5950601694834995e-06
5,2,5,1.0587272372242176e-08
5,2,6,5.329414932309312e-06
5,2,7,9.354422357558045e-06
5,2,8,9.893530079439728e-06
5,2,9,7.229743749532754e-06
5,2,10,3.6849302526878968e-06
5,2,11,1.5778814721234172e-06
5,2,12,1.483025902687492e-06
5,2,13,2.2275100823167346e-06
5,2,14,2.3817865794837332e-06
5,2,15,1.649049251698691e-06
5,2,16,9.034717684721556e-07
5,2,17,1.0461247412783519e-06
5,2,18,1.9468749377643676e-06
5,2,19,2.486533449645652e-06
5,2,20,1.5825591853432791e-06
5,2,21,-8.273906255962791e-07
5,2,22,-3.698283090300419e-06
5,2,23,-5.798331126243152e-06
5,2,24,-6.6809335380279785e-06
6,0,0,6.927509196885066e-06
6,0,1,7.5461031189073325e-06
6,0,2,5.697002864817199e-06
6,0,3,2.0460104074316714e-06
6,0,4,-9.837145772664184e-07
6,0,5,-8.553206626070946e-07
6,0,6,2.880131293921359e-06
6,0,7,7.912214759593303e-06
6,0,8,1.0703366001838682e-05
6,0,9,9.336667565523348e-06
6,0,10,5.195787966956949e-06
6,0,11,2.0642443212824023e-06
6,0,12,3.0932973920067377e-06
6,0,13,8.293167171246067e-06
6,0,14,1.4503859199641034e-05
6,0,15,1.79818266538989e-05
6,0,16,1.7217357783091925e-05
6,0,17,1.3869289457247246e-05
6,0,18,1.1061668357100981e-05
6,0,19,1.098062801239085e-05
6,0,20,1.3526952736015656e-05
6,0,21,1.6965097418466168e-05
6,0,22,1.932430488214723e-05
6,0,23,1.9410653038016003e-05
6,0,24,1.6815748199868917e-05
6,1,0,7.479385496974146e-06
6,1,1,6.973880330642763e-06
6,1,2,3.376870204489606e-06
6,1,3,-1.1786926000347187e-06
6,1,4,-2.940135571562842e-06
6,1,5,3.7494613129012334e-07
6,1,6,7.733951612602197e-06
6,1,7,1.4985772073056874e-05
6,1,8,1.7976131034193646e-05
6,1,9,1.5171885250834898e-05
6,1,10,8.83233237319376e-06
6,1,11,3.0245004832553743e-06
6,1,12,1.2208365842545266e-06
6,1,13,4.010543548891969e-06
6,1,14,9.411164641453542e-06
6,1,15,1.40106176600511e-05
6,1,16,1.5338148160754113e-05
6,1,17,1.2791874368833366e-05
6,1,18,8.074746558392367e-06
6,1,19,3.6536174410328997e-06
6,1,20,1.6415890303467625e-06
6,1,21,2.1166874236585556e-06
6,1,22,3.4122619180438946e-06
6,1,23,2.5536756237119524e-06
6,1,24,-2.5251465934816235e-06
6,2,0,1.3474030329924526e-05
6,2,1,1.389517731482427e-05
6,2,2,1.2182955287794845e-05
6,2,3,8.40493897858916e-06
6,2,4,4.293834418013086e-06
6,2,5,2.5743240641329292e-06
6,2,6,4.719987989421754e-06
6,2,7,9.65209779509675e-06
6,2,8,1.4000240689147122e-05
6,2,9,1.478247599352115e-05
6,2,10,1.1645783698263146e-05
6,2,11,7.492494590002961e-06
6,2,12,5.980110743601593e-06
6,2,13,8.795576417566483e-06
6,2,14,1.41104496207714e-05
6,2,15,1.8382005783833645e-05
6,2,16,1.8944540634390568e-05
6,2,17,1.612963702815975e-05
6,2,18,1.232795348367398e-05
6,2,19,1.0161895776484469e-05
6,2,20,1.0377200096645578e-05
6,2,21,1.2091113056249736e-05
6,2,22,1.3584230530399536e-05
6,2,23,1.3714934379736843e-05
6,2,24,1.1817095395246077e-05
7,0,0,7.147174726105103e-06
7,0,1,4.2458531148113765e-06
7,0,2,1.2452492414032925e-06
7,0,3,3.2119251524128967e-07
7,0,4,2.5965155532879273e-06
7,0,5,7.016503618577548e-06
7,0,6,1.1201155742601016e-05
7,0,7,1.3069702448896352e-05
7,0,8,1.2576543855224455e-05
7,0,9,1.1728461133460864e-05
7,0,10,1.3333722216393382e-05
7,0,11,1.8649740655343836e-05
7,0,12,2.627662363967483e-05
7,0,13,3.266931210896837e-05
7,0,14,3.4800844669168355e-05
7,0,15,3.22881683396275e-05
7,0,16,2.795072837938708e-05
7,0,17,2.5416794611763868e-05
7,0,18,2.642021612052196e-05
7,0,19,2.9327752854902333e-05
7,0,20,3.091627195911514e-05
7,0,21,2.903488391503518e-05
7,0,22,2.4582021071866463e-05
7,0,23,2.017585678055296e-05
7,0,24,1.782936769097101e-05
7,1,0,1.3689873070957107e-05
7,1,1,1.283051261472348e-05
7,1,2,1.0909170104001387e-05
7,1,3,8.560089318278643e-06
7,1,4,6.3354179508673825e-06
7,1,5,4.274295561144806e-06
7,1,6,2.431243265012644e-06
7,1,7,1.2591778801200872e-06
7,1,8,2.0775389512331437e-06
7,1,9,6.3349566551477695e-06
7,1,10,1.4504851640274397e-05
7,1,11,2.460599098698781e-05
7,1,12,3.261145369315823e-05
7,1,13,3.432396093773038e-05
7,1,14,2.855345125482903e-05
7,1,15,1.8289023409713404e-05
7,1,16,9.427145554995468e-06
7,1,17,6.6465721000872106e-06
7,1,18,1.0567289585319004e-05
7,1,19,1.754133871818093e-05
7,1,20,2.3176752783663607e-05
7,1,21,2.5591723187330705e-05
7,1,22,2.6659699903386824e-05
7,1,23,2.9269996302500306e-05
7,1,24,3.451333083418504e-05
7,2,0,2.1119728940926174e-05
7,2,1,1.9771090886869886e-05
7,2,2,1.8194197307906256e-05
7,2,3,1.7086224652248985e-05
7,2,4,1.7540381202144637e-05
7,2,5,2.0029988380130203e-05
7,2,6,2.3602311909326338e-05
7,2,7,2.589114630991438e-05
7,2,8,2.5029678736324286e-05
7,2,9,2.1545635857368045e-05
7,2,10,1.8809360615862315e-05
7,2,11,2.0476103541550834e-05
7,2,12,2.7374271711323728e-05
7,2,13,3.609886679573158e-05
7,2,14,4.15039691506545e-05
7,2,15,4.0467194651696e-05
7,2,16,3.43859957532733e-05
7,2,17,2.756245708186115e-05
7,2,18,2.385963343014394e-05
7,2,19,2.3912452517635407e-05
7,2,20,2.580005131922738e-05
7,2,21,2.7154281674389262e-05
7,2,22,2.7167686898897387e-05
7,2,23,2.5985323396292672e-05
7,2,24,2.3738516382701934e-05
8,0,0,1.0091846493510102e-05
8,0,1,1.2407146462718342e-05
8,0,2,1.0934921901168998e-05
8,0,3,6.7737260096516596e-06
8,0,4,2.325029016077019e-06
8,0,5,-2.694853305140419e-07
8,0,6,-7.995853712604062e-07
8,0,7,-5.491454057821085e-07
8,0,8,-1.4011514603739353e-06
8,0,9,-4.1829120787341076e-06
8,0,10,-8.483632826933752e-06
8,0,11,-1.2642872941015255e-05
8,0,12,-1.4964987572226485e-05
8,0,13,-1.4244156985456597e-05
8,0,14,-1.0842717326929303e-05
8,0,15,-6.327914983263834e-06
8,0,16,-3.068719934415555e-06
8,0,17,-2.40128669187714e-06
8,0,18,-4.07353042350289e-06
8,0,19,-6.09794851689802e-06
8,0,20,-6.718481117855475e-06
8,0,21,-5.332579973918645e-06
8,0,22,-3.0579176837826913e-06
8,0,23,-1.0282605370294008e-06
8,0,24,2.3888638126110383e-07
8,1,0,8.727426705254545e-07
8,1,1,2.884491593485572e-06
8,1,2,3.6033794995435245e-06
8,1,3,9.333152004650729e-07
8,1,4,-4.680163398624969e-06
8,1,5,-1.0543159599127761e-05
8,1,6,-1.4706701259414867e-05
8,1,7,-1.7503700188881903e-05
8,1,8,-2.0906844604303603e-05
8,1,9,-2.554665299481381e-05
8,1,10,-2.96338174716952e-05
8,1,11,-3.007671665980244e-05
8,1,12,-2.5658426257348446e-05
8,1,13,-1.7989978636931306e-05
8,1,14,-1.0553066543162858e-05
8,1,15,-5.785671687401594e-06
8,1,16,-4.15270484885506e-06
8,1,17,-4.385173517081677e-06
8,1,18,-5.426412907496658e-06
8,1,19,-6.790878352386925e-06
8,1,20,-8.634016686719158e-06
8,1,21,-1.0624945001908687e-05
8,1,22,-1.223962917768775e-05
8,1,23,-1.2674518991533947e-05
8,1,24,-1.1805490242678524e-05
8,2,0,1.3616000272199513e-05
8,2,1,1.334105783696931e-05
8,2,2,9.958819430871968e-06
8,2,3,5.099448102145613e-06
8,2,4,1.0436283601837265e-06
8,2,5,-8.177278808922469e-07
8,2,6,-9.540002935230774e-07
8,2,7,-7.138653579167747e-07
8,2,8,-1.2943417652481868e-06
8,2,9,-2.8151960997312674e-06
8,2,10,-4.805154529756374e-06
8,2,11,-6.442126419231315e-06
8,2,12,-7.098655729627693e-06
8,2,13,-6.184012546617723e-06
8,2,14,-3.844372316040058e-06
8,2,15,-1.0670765891363613e-06
8,2,16,3.1566556133099264e-07
8,2,17,-8.562960956892812e-07
8,2,18,-4.247256283258181e-06
8,2,19,-7.793235388530199e-06
8,2,20,-9.519785231506975e-06
8,2,21,-8.693229158261478e-06
8,2,22,-6.317553291871074e-06
8,2,23,-3.55464658990907e-06
8,2,24,-1.0333901781733079e-06
9,0,0,-1.3255088030902115e-05
9,0,1,-1.2883676582611e-05
9,0,2,-1.0856219321675139e-05
9,0,3,-6.969333584661908e-06
9,0,4,-1.0821308185128428e-06
9,0,5,6.287403178260149e-06
9,0,6,1.347898234675053e-05
9,0,7,1.854006286863331e-05
9,0,8,2.014414088084013e-05
9,0,9,1.8510125212987884e-05
9,0,10,1.5002387450112212e-05
9,0,11,1.151072809861195e-05
9,0,12,9.273717434498925e-06
9,0,13,8.578541874658938e-06
9,0,14,8.462318636381157e-06
9,0,15,7.454741100571915e-06
9,0,16,4.180731474204643e-06
9,0,17,-1.4501747716709934e-06
9,0,18,-8.17270932557373e-06
9,0,19,-1.3607100320713224e-05
9,0,20,-1.5880156079384027e-05
9,0,21,-1.452978634738976e-05
9,0,22,-1.1016256194571123e-05
9,0,23,-7.3850265116527885e-06
9,0,24,-5.178964133712859e-06
9,1,0,-1.6949840326293433e-07
9,1,1,-1.1795664425572034e-06
9,1,2,-2.3037053667793845e-06
9,1,3,-2.1769119809200905e-06
9,1,4,7.876573480689129e-07
9,1,5,6.98394807334353e-06
9,1,6,1.4841967134244247e-05
9,1,7,2.1415997208241327e-05
9,1,8,2.411238710470329e-05
9,1,9,2.2220889844963543e-05
9,1,10,1.729288222425255e-05
9,1,11,1.2264620637273348e-05
9,1,12,1.001321667359347e-05
9,1,13,1.2042263003695947e-05
9,1,14,1.7611126794273057e-05
9,1,15,2.372507332321365e-05
9,1,16,2.6395175184423846e-05
9,1,17,2.2965303265903934e-05
9,1,18,1.4253442562702184e-05
9,1,19,4.7296224488401395e-06
9,1,20,-1.5683433736701204e-07
9,1,21,2.131253527221322e-06
9,1,22,9.138590530462047e-06
9,1,23,1.5080080126674174e-05
9,1,24,1.509279704558174e-05
9,2,0,-4.534914182204405e-06
9,2,1,-5.82220026935004e-06
9,2,2,-5.3627595551583465e-06
9,2,3,-3.4319939515897095e-06
9,2,4,-1.19636958479652e-07
9,2,5,4.847320523748293e-06
9,2,6,1.1368349975108725e-05
9,2,7,1.815311579541289e-05
9,2,8,2.2703987244296624e-05
9,2,9,2.272133894827349e-05
9,2,10,1.7928847495337534e-05
9,2,11,1.0990113678473808e-05
9,2,12,6.2164211175057445e-06
9,2,13,6.908862372433577e-06
9,2,14,1.286451753073584e-05
9,2,15,2.0208965298573896e-05
9,2,16,2.3682475501130896e-05
9,2,17,2.0176203116140557e-05
9,2,18,1.078873772418108e-05
9,2,19,2.4036260487091646e-07
9,2,20,-6.341349311602849e-06
9,2,21,-6.6962850812269e-06
9,2,22,-2.7088903556272807e-06
9,2,23,1.4634312028436911e-06
9,2,24,2.5134228428031922e-06
10,0,0,2.5103336530531178e-06
10,0,1,4.386751308513824e-07
10,0,2,7.55632993223381e-08
10,0,3,1.4744284491435204e-06
10,0,4,3.1400752518011288e-06
10,0,5,3.175404755916889e-06
10,0,6,9.080494372733317e-07
10,0,7,-2.6726553585729423e-06
10,0,8,-5.6526693630197164e-06
10,0,9,-6.5530025561787554e-06
10,0,10,-4.954074830645878e-06
10,0,11,-1.445209021474788e-06
10,0,12,2.9226998302742807e-06
10,0,13,6.8630893224006775e-06
10,0,14,9.201693456598644e-06
10,0,15,9.294691110230103e-06
10,0,16,7.627396666946211e-06
10,0,17,5.599875741380277e-06
10,0,18,4.568202416381089e-06
10,0,19,4.647121819415081e-06
10,0,20,4.792054167876826e-06
10,0,21,4.009264799322221e-06
10,0,22,2.7516622549985493e-06
10,0,23,2.605703087003202e-06
10,0,24,4.566532947881637e-06
10,1,0,4.660273112998687e-06
10,1,1,-1.3682126540668794e-06
10,1,2,-4.157462597609871e-06
10,1,3,-2.0053328924908543e-06
10,1,4,3.871495995036266e-06
10,1,5,9.72004287109774e-06
10,1,6,1.2175480696426414e-05
10,1,7,1.0461010398460705e-05
10,1,8,6.83721310635601e-06
10,1,9,4.302778752841483e-06
10,1,10,4.553074245084251e-06
10,1,11,6.884765128052086e-06
10,1,12,9.48986358296854e-06
10,1,13,1.075434063404747e-05
10,1,14,1.0550738236691625e-05
10,1,15,9.720884699406245e-06
10,1,16,9.484742036327599e-06
10,1,17,1.0157742659816407e-05
10,1,18,1.1055893429456551e-05
10,1,19,1.0619560065598188e-05
10,1,20,8.142834970760492e-06
10,1,21,4.6744528632063835e-06
10,1,22,3.264192540410049e-06
10,1,23,6.489820322102982e-06
10,1,24,1.4208811838031733e-05
10,2,0,-3.8718696154653215e-06
10,2,1,-3.4942943395895032e-06
10,2,2,-1.6457318242498057e-07
10,2,3,4.323183812476639e-06
10,2,4,7.25046931510559e-06
10,2,5,6.8950671565915205e-06
10,2,6,3.8685663306592595e-06
10,2,7,4.7576041451507855e-07
10,2,8,-8.304338858632296e-07
10,2,9,9.933072908773706e-07
10,2,10,5.420800597507328e-06
10,2,11,1.0886231919685107e-05
10,2,12,1.577706739998709e-05
10,2,13,1.8816847576358874e-05
10,2,14,1.9440046452023777e-05
10,2,15,1.781448981261983e-05
10,2,16,1.4946397500245233e-05
10,2,17,1.2072519346289622e-05
10,2,18,1.0000070473180269e-05
10,2,19,8.45702101156333e-06
10,2,20,6.652100372764845e-06
10,2,21,4.2071042743638785e-06
10,2,22,2.022811743828922e-06
10,2,23,1.5962861890816862e-06
10,2,24,3.6427602569192306e-06
11,0,0,4.200356551171936e-06
11,0,1,1.9892935893882038e-06
11,0,2,-1.9776794328229692e-07
11,0,3,-2.36945383114392e-06
11,0,4,-4.6023706776443215e-06
11,0,5,-6.5809313198969695e-06
11,0,6,-7.698365630976714e-06
11,0,7,-7.187571570976771e-06
11,0,8,-4.60830749534808e-06
11,0,9,-2.750555024763428e-08
11,0,10,5.6542038625034135e-06
11,0,11,1.0994771019012047e-05
11,0,12,1.4312195921312209e-05
11,0,13,1.457938073041857e-05
11,0,14,1.180798662377315e-05
11,0,15,7.269878659926408e-06
11,0,16,2.6553851453225703e-06
11,0,17,-7.09859442968388e-07
11,0,18,-2.761630135179573e-06
11,0,19,-4.400525060280599e-06
11,0,20,-6.794769534576974e-06
11,0,21,-1.0109107248015435e-05
11,0,22,-1.3382556989435953e-05
11,0,23,-1.504643464297331e-05
11,0,24,-1.4481684990885627e-05
11,1,0,3.9523013990715346e-05
11,1,1,3.6506253489386334e-05
11,1,2,2.981708429481214e-05
11,1,3,2.251779694136674e-05
11,1,4,1.700940654580528e-05
11,1,5,1.3143419542158683e-05
11,1,6,8.782446224260272e-06
11,1,7,2.9186804093293714e-06
11,1,8,-2.48088839784657e-06
11,1,9,-3.675912430686502e-06
11,1,10,8.26431836267383e-07
11,1,11,8.108808954470736e-06
11,1,12,1.2500587222175107e-05
11,1,13,1.046021368109008e-05
11,1,14,3.5719193497446447e-06
11,1,15,-2.5590663807886294e-06
11,1,16,-3.207301463179125e-06
11,1,17,1.8806535361478628e-06
11,1,18,8.453575845581676e-06
11,1,19,1.1577638533424785e-05
11,1,20,9.001230635000102e-06
11,1,21,2.251778311704707e-06
11,1,22,-5.392064566279791e-06
11,1,23,-1.0896982874816026e-05
11,1,24,-1.271199453937999e-05
11,2,0,1.0326493947276753e-05
11,2,1,8.8411522891451e-06
11,2,2,6.902739654010006e-06
11,2,3,4.565350240953828e-06
11,2,4,2.127232651084868e-06
11,2,5,3.212511321756924e-07
11,2,6,-5.993143137804196e-09
11,2,7,1.593631010209765e-06
11,2,8,4.817996958934656e-06
11,2,9,8.716181894493204e-06
11,2,10,1.2085064552594935e-05
11,2,11,1.4029392541358506e-05
11,2,12,1.420417850815398e-05
11,2,13,1.2777363198751405e-05
11,2,14,1.0092596644751303e-05
11,2,15,6.455075441190233e-06
11,2,16,2.1008116477057206e-06
11,2,17,-2.5386016583001483e-06
11,2,18,-6.76947393995857e-06
11,2,19,-9.802085115186274e-06
11,2,20,-1.1205664653601713e-05
11,2,21,-1.1160095330385047e-05
11,2,22,-1.0389451354258898e-05
11,2,23,-9.670618745479637e-06
11,2,24,-9.404769802211145e-06
12,0,0,9.680698857308532e-06
12,0,1,1.1111533405757073e-05
12,0,2,1.1267361864706303e-05
12,0,3,1.0474447637182809e-05
12,0,4,8.647512860698815e-06
12,0,5,5.834614508416346e-06
12,0,6,2.7208091019726777e-06
12,0,7,4.1546159701003735e-07
12,0,8,-2.0509249076006683e-07
12,0,9,9.814551195451353e-07
12,0,10,3.46359598256418e-06
12,0,11,6.56209750333201e-06
12,0,12,9.735406055829017e-06
12,0,13,1.2567753043104006e-05
12,0,14,1.4765604502753977e-05
12,0,15,1.6278849458751816e-05
12,0,16,1.7447254764061488e-05
12,0,17,1.8740611546532978e-05
12,0,18,2.0153100495179745e-05
12,0,19,2.081716697018097e-05
12,0,20,1.943868293754656e-05
12,0,21,1.541423285065938e-05
12,0,22,9.719349472326775e-06
12,0,23,4.5870064015193855e-06
12,0,24,2.048177369540406e-06
12,1,0,6.248865340586606e-06
12,1,1,4.173190671620937e-06
12,1,2,3.2473668881765282e-06
12,1,3,5.354471147918643e-06
12,1,4,9.22320409800975e-06
12,1,5,1.1822702975862887e-05
12,1,6,1.1076782704078146e-05
12,1,7,7.386089529076061e-06
12,1,8,3.120182055791758e-06
12,1,9,8.062600620267082e-07
12,1,10,1.7487165938755172e-06
12,1,11,5.61526002638895e-06
12,1,12,1.0855603048056035e-05
12,1,13,1.524125714214529e-05
12,1,14,1.673828835395408e-05
12,1,15,1.4483806660157538e-05
12,1,16,9.604481744972715e-06
12,1,17,4.796919964603817e-06
12,1,18,2.6327281767722687e-06
12,1,19,3.509764117101417e-06
12,1,20,5.3197462758896306e-06
12,1,21,5.250007676310019e-06
12,1,22,2.450386127881871e-06
12,1,23,-1.1422668819385765e-06
12,1,24,-2.5201101755460372e-06
12,2,0,6.847575525344542e-06
12,2,1,8.430019204858975e-06
12,2,2,7.2666139376962756e-06
12,2,3,4.101690198878797e-06
12,2,4,-1.1155277401501791e-08
12,2,5,-3.961031020387537e-06
12,2,6,-6.754303568106941e-06
12,2,7,-7.71289790133607e-06
12,2,8,-6.787874109443262e-06
12,2,9,-4.551852975580512e-06
12,2,10,-1.830928003981102e-06
12,2,11,8.460777406636566e-07
12,2,12,3.369691017004713e-06
12,2,13,5.738980411504102e-06
12,2,14,7.62401989496715e-06
12,2,15,8.458037462857177e-06
12,2,16,7.971805580937199e-06
12,2,17,6.7110640065530525e-06
12,2,18,5.7236896225521645e-06
12,2,19,5.678547398053815e-06
12,2,20,6.087267410961238e-06
12,2,21,5.6285193679447365e-06
12,2,22,3.2865551964704714e-06
12,2,23,-5.536652761941257e-07
12,2,24,-4.2592303268822694e-06
13,0,0,-2.5500740246392636e-06
13,0,1,-2.4200193726297555e-06
13,0,2,-3.4029668820532684e-06
13,0,3,-5.7107984444571414e-06
13,0,4,-7.83715161415229e-06
13,0,5,-7.799854327270451e-06
13,0,6,-5.122015576415926e-06
13,0,7,-9.329987872536111e-07
13,0,8,2.8587015975399175e-06
13,0,9,5.3929234930889444e-06
13,0,10,6.992512603178807e-06
13,0,11,8.652575472082203e-06
13,0,12,1.0541678214135439e-05
13,0,13,1.2005126515479778e-05
13,0,14,1.1906556205828578e-05
13,0,15,1.0052204165454269e-05
13,0,16,7.131857379907478e-06
13,0,17,4.416183285097528e-06
13,0,18,2.216601602701121e-06
13,0,19,-1.1858905003733795e-07
13,0,20,-3.901702133521655e-06
13,0,21,-9.271309092492744e-06
13,0,22,-1.4936017618958166e-05
13,0,23,-1.842203519284032e-05
13,0,24,-1.8360183731432013e-05
13,1,0,1.6715329796956175e-05
13,1,1,9.968184316056731e-06
13,1,2,-1.3767424412040307e-06
13,1,3,-1.2662283741027617e-05
13,1,4,-1.9458642344771207e-05
13,1,5,-2.007625037452206e-05
13,1,6,-1.5903290714558817e-05
13,1,7,-9.552582338537383e-06
13,1,8,-3.4571243819678103e-06
13,1,9,1.0950269988288001e-06
13,1,10,3.879557756192911e-06
13,1,11,5.819773737449551e-06
13,1,12,7.973714064647838e-06
13,1,13,1.0511971933945593e-05
13,1,14,1.1665335651855327e-05
13,1,15,9.020850982594875e-06
13,1,16,1.7428776378031278e-06
13,1,17,-7.423581811624865e-06
13,1,18,-1.3824539406870145e-05
13,1,19,-1.4342581775953346e-05
13,1,20,-1.0476626786520729e-05
13,1,21,-6.839832451136147e-06
13,1,22,-7.289354943558273e-06
13,1,23,-1.1258579056139348e-05
13,1,24,-1.4995780880500088e-05
13,2,0,6.2854626803355304e-06
13,2,1,3.995778084087603e-06
13,2,2,5.755267097169321e-07
13,2,3,-3.0989901013289028e-06
13,2,4,-5.610147210897276e-06
13,2,5,-5.885179504205352e-06
13,2,6,-4.265564411877682e-06
13,2,7,-2.004572009212013e-06
13,2,8,-7.432755521020467e-07
13,2,9,-1.177105895554362e-06
13,2,10,-2.9468354553327584e-06
13,2,11,-4.606557263717908e-06
13,2,12,-5.002349718741695e-06
13,2,13,-3.88734266715821e-06
13,2,14,-2.5345695044292244e-06
13,2,15,-2.357918345871561e-06
13,2,16,-3.958959919021798e-06
13,2,17,-6.128312179868103e-06
13,2,18,-7.273988120848134e-06
13,2,19,-6.646791106414661e-06
13,2,20,-5.559451247869263e-06
13,2,21,-5.7924350539026405e-06
13,2,22,-8.121204276046964e-06
13,2,23,-1.0957955400531445e-05
13,2,24,-1.2213933405394602e-05
14,0,0,-5.927068648005926e-06
14,0,1,-5.943380253826345e-06
14,0,2,-1.8969695075429153e-06
14,0,3,4.429281464189759e-06
14,0,4,9.168809038075565e-06
14,0,5,9.637339970047993e-06
14,0,6,6.544483864877131e-06
14,0,7,3.462690489625602e-06
14,0,8,3.635490119962805e-06
14,0,9,7.324239522859296e-06
14,0,10,1.1666536912475329e-05
14,0,11,1.3389413851993734e-05
14,0,12,1.1471384084822743e-05
14,0,13,7.718778330367479e-06
14,0,14,4.59865084425864e-06
14,0,15,3.013894683481021e-06
14,0,16,1.7388189266865164e-06
14,0,17,-7.712240518555833e-07
14,0,18,-4.606988364212972e-06
14,0,19,-8.068791914592189e-06
14,0,20,-9.483774333950493e-06
14,0,21,-8.876285706200236e-06
14,0,22,-8.24901374940222e-06
14,0,23,-9.7266930964562e-06
14,0,24,-1.3774523018293423e-05
14,1,0,2.2221930306917876e-05
14,1,1,1.8307371919898266e-05
14,1,2,1.8488214393902035e-05
14,1,3,2.4752045651928265e-05
14,1,4,3.3387251230139296e-05
14,1,5,3.816185401341846e-05
14,1,6,3.57614136973234e-05
14,1,7,2.8964275110911946e-05
14,1,8,2.38699478278115e-05
14,1,9,2.4462212241622983e-05
14,1,10,2.888498754441719e-05
14,1,11,3.152840410308396e-05
14,1,12,2.8113389690233607e-05
14,1,13,1.9667065064118278e-05
14,1,14,1.1135286497338285e-05
14,1,15,7.1679781444255715e-06
14,1,16,8.26106564577394e-06
14,1,17,1.1392973998829332e-05
14,1,18,1.3072455671298585e-05
14,1,19,1.242959133710103e-05
14,1,20,1.0677694967801792e-05
14,1,21,9.005898889474925e-06
14,1,22,6.611130910020408e-06
14,1,23,2.0060068280749105e-06
14,1,24,-4.940505533291108e-06
14,2,0,1.0191361222473697e-06
14,2,1,1.0055518182297972e-06
14,2,2,3.4586818007183336e-06
14,2,3,7.88426053002306e-06
14,2,4,1.1849554897838156e-05
14,2,5,1.320322645944694e-05
14,2,6,1.1716912733363547e-05
14,2,7,9.226893736170882e-06
14,2,8,7.749745534030652e-06
14,2,9,7.911506808906893e-06
14,2,10,8.545348227932648e-06
14,2,11,8.177966932624084e-06
14,2,12,6.3724649448035635e-06
14,2,13,4.147502902881285e-06
14,2,14,2.6098822152201224e-06
14,2,15,1.8420183825397805e-06
14,2,16,5.718995538427427e-07
14,2,17,-2.417975556105476e-06
14,2,18,-7.103482599980868e-06
14,2,19,-1.1762363458469335e-05
14,2,20,-1.4442116877598564e-05
14,2,21,-1.4379255513258357e-05
14,2,22,-1.2854792485643808e-05
14,2,23,-1.1982691827437902e-05
14,2,24,-1.323395428410104e-05
15,0,0,9.92215951788663e-06
15,0,1,5.792951283103059e-06
15,0,2,7.187332010068754e-07
15,0,3,-3.0971529220039453e-06
15,0,4,-4.281868014144606e-06
15,0,5,-2.9946115765266907e-06
15,0,6,-5.264867546665836e-07
15,0,7,1.7549886513313446e-06
15,0,8,3.109165164406078e-06
15,0,9,3.5941772320138615e-06
15,0,10,3.774451453719495e-06
15,0,11,4.357534336480823e-06
15,0,12,5.676622907236186e-06
15,0,13,7.3469565180608095e-06
15,0,14,8.262836613883622e-06
15,0,15,7.323681456901973e-06
15,0,16,4.335541299072709e-06
15,0,17,4.806094765393077e-07
15,0,18,-2.3462517114612524e-06
15,0,19,-2.7823073156335544e-06
15,0,20,-1.0209777580964322e-06
15,0,21,1.3886249896597578e-06
15,0,22,2.612588871492931e-06
15,0,23,1.7645199740490123e-06
15,0,24,-7.216825559444686e-07
15,1,0,-3.7503633042851574e-06
15,1,1,-6.964390298985171e-06
15,1,2,-1.1906302274904059e-05
15,1,3,-1.477008940309419e-05
15,1,4,-1.3353699085916562e-05
15,1,5,-9.46754385505868e-06
15,1,6,-7.316620867527958e-06
15,1,7,-9.342557453299795e-06
15,1,8,-1.3618030264404119e-05
15,1,9,-1.5486243004239988e-05
15,1,10,-1.1812557380414489e-05
15,1,11,-3.888905542877026e-06
15,1,12,3.655063537630267e-06
15,1,13,6.650334497825569e-06
15,1,14,4.402207261706065e-06
15,1,15,-5.412683175274105e-07
15,1,16,-4.925616377205458e-06
15,1,17,-7.147259854810458e-06
15,1,18,-7.561024653004848e-06
15,1,19,-7.360894342674229e-06
15,1,20,-7.409391511278471e-06
15,1,21,-8.07455738349158e-06
15,1,22,-9.462712619130872e-06
15,1,23,-1.1536542469015975e-05
15,1,24,-1.3886706644843615e-05
15,2,0,6.701233460074043e-06
15,2,1,5.6010711812341004e-06
15,2,2,3.354522100344629e-06
15,2,3,9.81313147420073e-07
15,2,4,1.641506333118686e-09
15,2,5,1.0216221351022403e-06
15,2,6,3.1225925805852567e-06
15,2,7,4.751018493917114e-06
15,2,8,4.902684013655356e-06
15,2,9,3.856955721123415e-06
15,2,10,2.710246776045717e-06
15,2,11,2.624364827168022e-06
15,2,12,3.948888174544284e-06
15,2,13,6.065562501478939e-06
15,2,14,7.574892628424131e-06
15,2,15,7.2331910983017235e-06
15,2,16,4.682713985604628e-06
15,2,17,9.425556667727795e-07
15,2,18,-2.3262237283350705e-06
15,2,19,-3.901114599935555e-06
15,2,20,-4.042292554212436e-06
15,2,21,-4.0319152195105725e-06
15,2,22,-5.024892818553638e-06
15,2,23,-6.777597546755857e-06
15,2,24,-8.058916257175299e-06
16,0,0,-4.478990079754815e-06
16,0,1,-6.3532244022019104e-06
16,0,2,-8.937922526855728e-06
16,0,3,-1.1756400811115662e-05
16,0,4,-1.3192519160062357e-05
16,0,5,-1.2079195037500111e-05
16,0,6,-8.932560146014169e-06
16,0,7,-5.727823457932262e-06
16,0,8,-4.060674897600708e-06
16,0,9,-3.877152324569818e-06
16,0,10,-3.786051513116642e-06
16,0,11,-2.8202821760783104e-06
16,0,12,-1.3576747025982895e-06
16,0,13,-4.954899469504264e-07
16,0,14,-3.582268899382955e-07
16,0,15,2.682774078452503e-07
16,0,16,2.6855561773119478e-06
16,0,17,6.464588028316765e-06
16,0,18,9.460701544416344e-06
16,0,19,9.62529389444245e-06
16,0,20,7.047227077657014e-06
16,0,21,3.750591769357647e-06
16,0,22,1.6582806230592444e-06
16,0,23,6.076838507909015e-07
16,0,24,-1.1225512192976375e-06
16,1,0,2.7036171052678237e-06
16,1,1,5.494963343180169e-06
16,1,2,6.267704250321972e-06
16,1,3,4.190975295082297e-06
16,1,4,8.087408197074268e-09
16,1,5,-4.5678302511435774e-06
16,1,6,-7.990231943869692e-06
16,1,7,-9.419311531315541e-06
16,1,8,-8.97404256377805e-06
16,1,9,-7.478731388374884e-06
16,1,10,-6.223495531199432e-06
16,1,11,-6.246731302186567e-06
16,1,12,-7.78673359270928e-06
16,1,13,-9.86843239087138e-06
16,1,14,-1.0992166226147355e-05
16,1,15,-9.947374349374312e-06
16,1,16,-6.66732749708671e-06
16,1,17,-1.8031151098896203e-06
16,1,18,3.709735447755797e-06
16,1,19,9.169526447507014e-06
16,1,20,1.3565749597784123e-05
16,1,21,1.5623533050507796e-05
16,1,22,1.4190747090198053e-05
16,1,23,9.610060221758635e-06
16,1,24,3.897617410856185e-06
16,2,0,2.812487078772199e-06
16,2,1,3.0844207235851612e-06
16,2,2,2.2806864193323834e-06
16,2,3,1.1726993027091385e-07
16,2,4,-2.5980284067973996e-06
16,2,5,-4.711106955425544e-06
16,2,6,-5.705939196092101e-06
16,2,7,-5.8663224045756805e-06
16,2,8,-5.759125355650675e-06
16,2,9,-5.591931850738738e-06
16,2,10,-5.304890589209505e-06
16,2,11,-4.972390235223102e-06
16,2,12,-5.04935095043817e-06
16,2,13,-5.797047647300885e-06
16,2,14,-6.727614627584659e-06
16,2,15,-6.640628370223616e-06
16,2,16,-4.702991352181752e-06
16,2,17,-1.2561220688260652e-06
16,2,18,2.207527392027376e-06
16,2,19,4.313903328401458e-06
16,2,20,4.657936075378187e-06
16,2,21,3.757424257457058e-06
16,2,22,1.9567365889626415e-06
16,2,23,-9.367288979295754e-07
16,2,24,-5.083610888768707e-06
17,0,0,1.82698759993706e-05
17,0,1,1.4685366696180649e-05
17,0,2,1.1657428141002401e-05
17,0,3,9.40213517791979e-06
17,0,4,7.99916681995305e-06
17,0,5,7.578171174973936e-06
17,0,6,8.00628707218039e-06
17,0,7,8.721718898320105e-06
17,0,8,9.12884438509262e-06
17,0,9,9.2146388405787e-06
17,0,10,9.5695287716691e-06
17,0,11,1.0739592995339525e-05
17,0,12,1.2518187763906085e-05
17,0,13,1.4014468096877901e-05
17,0,14,1.4371219945549514e-05
17,0,15,1.3453928313928516e-05
17,0,16,1.1785980489641135e-05
17,0,17,1.005299942763335e-05
17,0,18,8.64737607269363e-06
17,0,19,7.68159382083034e-06
17,0,20,7.077196019920646e-06
17,0,21,6.6030276759047445e-06
17,0,22,5.831037283802028e-06
17,0,23,4.478060576155752e-06
17,0,24,2.889079630526503e-06
17,1,0,3.081194054613918e-05
17,1,1,2.6269836626311186e-05
17,1,2,1.9539088243735402e-05
17,1,3,1.129893515564777e-05
17,1,4,3.075001996313251e-06
17,1,5,-2.912897478131446e-06
17,1,6,-5.136578405797717e-06
17,1,7,-3.6626905603129865e-06
17,1,8,4.1307453718019416e-08
17,1,9,4.501019133153656e-06
17,1,10,8.961741829652215e-06
17,1,11,1.3262768531874095e-05
17,1,12,1.6849693453027952e-05
17,1,13,1.8602985351018385e-05
17,1,14,1.731847904352067e-05
17,1,15,1.2933493609946123e-05
17,1,16,6.742887590440176e-06
17,1,17,9.53747999689046e-07
17,1,18,-2.8234968760990997e-06
17,1,19,-4.399839665063129e-06
17,1,20,-5.174923430591611e-06
17,1,21,-6.765123644836225e-06
17,1,22,-9.780450054898112e-06
17,1,23,-1.2918948970458638e-05
17,1,24,-1.3988328491163675e-05
17,2,0,2.476805857968417e-05
17,2,1,2.1745155714845738e-05
17,2,2,1.581242418894431e-05
17,2,3,8.543100684592136e-06
17,2,4,3.235249144387418e-06
17,2,5,2.5348179783854513e-06
17,2,6,6.0286792165915165e-06
17,2,7,1.0224730219781102e-05
17,2,8,1.1462020654829524e-05
17,2,9,8.997467509665972e-06
17,2,10,5.5617606368504175e-06
17,2,11,4.701870854692471e-06
17,2,12,7.611735167948306e-06
17,2,13,1.220874710272993e-05
17,2,14,1.5217680128740965e-05
17,2,15,1.489480368403425e-05
17,2,16,1.2145096296976821e-05
17,2,17,9.246233959393335e-06
17,2,18,7.906960062926038e-06
17,2,19,8.134280627266027e-06
17,2,20,8.685916820750262e-06
17,2,21,8.051150627497964e-06
17,2,22,5.398441215627881e-06
17,2,23,9.662470946122923e-07
17,2,24,-3.754128976204491e-06
18,0,0,8.599753474207645e-06
18,0,1,9.361411642546378e-06
18,0,2,1.1994280972898465e-05
18,0,3,1.5316746658708847e-05
18,0,4,1.736514994673654e-05
18,0,5,1.7385682699429727e-05
18,0,6,1.6363828279377193e-05
18,0,7,1.590291818552342e-05
18,0,8,1.6374100476489965e-05
18,0,9,1.668178035589725e-05
18,0,10,1.542214472708694e-05
18,0,11,1.2552339654264442e-05
18,0,12,9.312128670508095e-06
18,0,13,6.864949784790347e-06
18,0,14,4.768836222986112e-06
18,0,15,1.4599020904998138e-06
18,0,16,-4.017874076297492e-06
18,0,17,-1.033273453621543e-05
18,0,18,-1.4557207976854708e-05
18,0,19,-1.4361077260484204e-05
18,0,20,-1.026542683411094e-05
18,0,21,-5.31214290006951e-06
18,0,22,-2.8769395131673957e-06
18,0,23,-3.967770740025985e-06
18,0,24,-6.957207473521417e-06
18,1,0,-6.386665431490769e-06
18,1,1,-1.9413282932934838e-06
18,1,2,4.271662392044996e-06
18,1,3,1.1088087359591755e-05
18,1,4,1.8047522731367833e-05
18,1,5,2.5377821671818514e-05
18,1,6,3.248095211544561e-05
18,1,7,3.771905959910242e-05
18,1,8,3.899602510401643e-05
18,1,9,3.60579613614151e-05
18,1,10,3.0905081536137776e-05
18,1,11,2.6778778227474955e-05
18,1,12,2.4952920292733907e-05
18,1,13,2.3585008226670442e-05
18,1,14,1.86397376686668e-05
18,1,15,7.948115062592401e-06
18,1,16,-6.622020835943829e-06
18,1,17,-1.9490233098011208e-05
18,1,18,-2.5793613551834422e-05
18,1,19,-2.467069462382338e-05
18,1,20,-2.0262931077002447e-05
18,1,21,-1.7855318121784446e-05
18,1,22,-2.022180736395429e-05
18,1,23,-2.5387629662828584e-05
18,1,24,-2.940688617109337e-05
18,2,0,-6.233191563410045e-07
18,2,1,6.536777716154179e-07
18,2,2,3.737032294545803e-06
18,2,3,7.047977956493986e-06
18,2,4,9.198808539361632e-06
18,2,5,1.0418900793141136e-05
18,2,6,1.2031214461894174e-05
18,2,7,1.4827371563052704e-05
18,2,8,1.785263183819326e-05
18,2,9,1.925961725241865e-05
18,2,10,1.803104996308386e-05
18,2,11,1.5007748375762226e-05
18,2,12,1.1756389897179078e-05
18,2,13,8.814111919864815e-06
18,2,14,4.9683422561441315e-06
18,2,15,-1.1236302438278996e-06
18,2,16,-8.937606022694795e-06
18,2,17,-1.5537410449328426e-05
18,2,18,-1.7724609906872506e-05
18,2,19,-1.462448730272408e-05
18,2,20,-8.702946927395788e-06
18,2,21,-3.7405607702433797e-06
18,2,22,-2.0530193375058555e-06
18,2,23,-2.9639379577576244e-06
18,2,24,-4.286095345581439e-06
19,0,0,-4.5780362370410736e-06
19,0,1,-4.797967702515872e-06
19,0,2,-5.210641470849758e-06
19,0,3,-6.159763962315602e-06
19,0,4,-8.236056723889807e-06
19,0,5,-1.1564315527238926e-05
19,0,6,-1.5360382032362846e-05
19,0,7,-1.8051907223491474e-05
19,0,8,-1.837807385628035e-05
19,0,9,-1.630254870824588e-05
19,0,10,-1.3187954224187196e-05
19,0,11,-1.0687096232775168e-05
19,0,12,-9.605266820810984e-06
19,0,13,-9.34045397392219e-06
19,0,14,-8.707418003416328e-06
19,0,15,-6.938541003984077e-06
19,0,16,-4.380939637282894e-06
19,0,17,-2.0186155171113534e-06
19,0,18,-7.89363651104335e-07
19,0,19,-8.818406190112696e-07
19,0,20,-1.961108711958154e-06
19,0,21,-3.4362361987398736e-06
19,0,22,-4.956779667929256e-06
19,0,23,-6.308450341164324e-06
19,0,24,-7.510216640227907e-06
19,1,0,-1.2281713317155289e-05
19,1,1,-1.0514186007880581e-05
19,1,2,-9.257397461327125e-06
19,1,3,-1.0912316955716413e-05
19,1,4,-1.547914312469427e-05
19,1,5,-2.0741585776550106e-05
19,1,6,-2.3803588182998267e-05
19,1,7,-2.323221886457456e-05
19,1,8,-1.9761370207352488e-05
19,1,9,-1.585537416738084e-05
19,1,10,-1.3977874395107838e-05
19,1,11,-1.5197329274990842e-05
19,1,12,-1.8238132451018426e-05
19,1,13,-2.00822821434741e-05
19,1,14,-1.7618884420396897e-05
19,1,15,-1.0147691651818402e-05
19,1,16,-3.7112054640641776e-07
19,1,17,6.638815929154915e-06
19,1,18,6.954061349402163e-06
19,1,19,6.578702694046536e-07
19,1,20,-7.874261908920658e-06
19,1,21,-1.3453152696835287e-05
19,1,22,-1.3922987480431605e-05
19,1,23,-1.1637430171201825e-05
19,1,24,-1.0722730235721619e-05
19,2,0,-8.65004125600742e-06
19,2,1,-1.0638916295927631e-05
19,2,2,-1.0666227330835196e-05
19,2,3,-9.638087210906104e-06
19,2,4,-9.262889354216147e-06
19,2,5,-1.061237578494289e-05
19,2,6,-1.3157715343892055e-05
19,2,7,-1.5198954723946072e-05
19,2,8,-1.5216939436244804e-05
19,2,9,-1.3066455916560527e-05
19,2,10,-9.927941721488782e-06
19,2,11,-7.185828251506435e-06
19,2,12,-5.217415751287388e-06
19,2,13,-3.2428663445272117e-06
19,2,14,-2.555020311648561e-07
19,2,15,3.7510366941723844e-06
19,2,16,7.473728439844822e-06
19,2,17,9.155488214677022e-06
19,2,18,7.957586176759914e-06
19,2,19,4.640799739749911e-06
19,2,20,1.01160996252858e-06
19,2,21,-1.4621708250671931e-06
19,2,22,-2.679215543954585e-06
19,2,23,-3.795711438387057e-06
19,2,24,-6.078401656476245e-06
20,0,0,2.8049032388985633e-05
20,0,1,2.2233414678587233e-05
20,0,2,1.6338868834005573e-05
20,0,3,1.1690831335311102e-05
20,0,4,7.993087029680042e-06
20,0,5,4.145400514897338e-06
20,0,6,-2.7569476925871916e-07
20,0,7,-4.488508851445411e-06
20,0,8,-7.0326569723175e-06
20,0,9,-7.126107190519304e-06
20,0,10,-5.314501401765292e-06
20,0,11,-3.1540647357143788e-06
20,0,12,-1.8955668847929404e-06
20,0,13,-1.7148704756404527e-06
20,0,14,-1.732697845353433e-06
20,0,15,-1.0815881230162081e-06
20,0,16,3.666263464827407e-07
20,0,17,1.8918063060440127e-06
20,0,18,2.8675186031081685e-06
20,0,19,3.375618375963432e-06
20,0,20,4.318303463834202e-06
20,0,21,6.44399488517448e-06
20,0,22,9.70495253478106e-06
20,0,23,1.3029588638780094e-05
20,0,24,1.5134609064230455e-05
20,1,0,6.717752794487442e-06
20,1,1,-3.192253009094086e-07
20,1,2,-6.4296830763341186e-06
20,1,3,-9.355868090357526e-06
20,1,4,-1.0284234457228099e-05
20,1,5,-1.2197392970703807e-05
20,1,6,-1.7008983085065824e-05
20,1,7,-2.3260921062598686e-05
20,1,8,-2.73781832661954e-05
20,1,9,-2.6453208223219333e-05
20,1,10,-2.110524541948356e-05
20,1,11,-1.4924658393761637e-05
20,1,12,-1.2066237284391926e-05
20,1,13,-1.391858843639252e-05
20,1,14,-1.873502797657665e-05
20,1,15,-2.29712215299155e-05
20,1,16,-2.429038176885443e-05
20,1,17,-2.234372983919426e-05
20,1,18,-1.8483064471025976e-05
20,1,19,-1.3728039834786797e-05
20,1,20,-8.563179417523433e-06
20,1,21,-3.203863573155195e-06
20,1,22,8.120060677391914e-07
20,1,23,1.3548093394976567e-06
20,1,24,-3.1938252980832048e-06
20,2,0,2.560970935482098e-05
20,2,1,1.8545826882341155e-05
20,2,2,1.3824015537914117e-05
20,2,3,1.1330943548861047e-05
20,2,4,9.02469923663436e-06
20,2,5,5.321486684976877e-06
20,2,6,4.1789826977660155e-07
20,2,7,-4.104589304233368e-06
20,2,8,-6.773162122928158e-06
20,2,9,-7.127858513543135e-06
20,2,10,-5.7528087329537965e-06
20,2,11,-3.4903296702264565e-06
20,2,12,-9.557959089395444e-07
20,2,13,1.6251606454048957e-06
20,2,14,4.113262609636598e-06
20,2,15,6.410246082873955e-06
20,2,16,8.35393524254948e-06
20,2,17,9.912914686004289e-06
20,2,18,1.1173908008525637e-05
20,2,19,1.2410688398937705e-05
20,2,20,1.3811786108173965e-05
20,2,21,1.5371329438352275e-05
20,2,22,1.6700307854642087e-05
20,2,23,1.7353614643363124e-05
20,2,24,1.7039431512943376e-05
21,0,0,-1.180445269110728e-05
21,0,1,-9.442005243452342e-06
21,0,2,-5.721456267329211e-06
21,0,3,-2.060010259584676e-06
21,0,4,7.986742394545932e-07
21,0,5,3.139091906114919e-06
21,0,6,5.672990385343176e-06
21,0,7,8.642820595563508e-06
21,0,8,1.1530687505836596e-05
21,0,9,1.3491654154720216e-05
21,0,10,1.3969400814744094e-05
21,0,11,1.2864722712743618e-05
21,0,12,1.033373861838115e-05
21,0,13,6.667590886756268e-06
21,0,14,2.5453990399035476e-06
21,0,15,-8.677978387077015e-07
21,0,16,-2.3851822689528724e-06
21,0,17,-1.7570002717427015e-06
21,0,18,-1.7300939392460884e-07
21,0,19,3.092370253093935e-07
21,0,20,-1.8096874825004482e-06
21,0,21,-6.457336081254646e-06
21,0,22,-1.2169325963788864e-05
21,0,23,-1.7303441094099594e-05
21,0,24,-2.0918899411058412e-05
21,1,0,-1.528532288869858e-06
21,1,1,3.7991784322418776e-06
21,1,2,1.4688342562889194e-05
21,1,3,2.557294248525712e-05
21,1,4,3.235290690106014e-05
21,1,5,3.457058097992957e-05
21,1,6,3.461623615944737e-05
21,1,7,3.5243531399310095e-05
21,1,8,3.758762669880131e-05
21,1,9,4.0998546202645385e-05
21,1,10,4.409706227532866e-05
21,1,11,4.5737322170098446e-05
21,1,12,4.517966948717339e-05
21,1,13,4.192908880847079e-05
21,1,14,3.59159288459037e-05
21,1,15,2.8032515964955323e-05
21,1,16,2.0212316604700927e-05
21,1,17,1.4511239931154843e-05
21,1,18,1.1765730044107584e-05
21,1,19,1.0940945666567542e-05
21,1,20,9.893110984274906e-06
21,1,21,6.928958567663408e-06
21,1,22,1.899486443218107e-06
21,1,23,-3.913930835666035e-06
21,1,24,-8.656224364880089e-06
21,2,0,2.4645333181787585e-07
21,2,1,5.769956710114429e-06
21,2,2,1.2302938741023668e-05
21,2,3,1.7124154219856917e-05
21,2,4,1.9006085050382983e-05
21,2,5,1.8588736115414438e-05
21,2,6,1.7490487049657655e-05
21,2,7,1.6885697802222484e-05
21,2,8,1.6945795757819645e-05
21,2,9,1.7003156498121563e-05
21,2,10,1.6259651116704954e-05
21,2,11,1.4117245365284311e-05
21,2,12,1.0454742888478454e-05
21,2,13,5.633354605649293e-06
21,2,14,6.798967307435558e-07
21,2,15,-3.0909017829265704e-06
21,2,16,-4.6091056679102495e-06
21,2,17,-3.8789622190533155e-06
21,2,18,-2.0450266979475754e-06
21,2,19,-9.496267153360203e-07
21,2,20,-1.945188734562154e-06
21,2,21,-5.246341685011485e-06
21,2,22,-9.749348973612842e-06
21,2,23,-1.3891054757178643e-05
21,2,24,-1.635030809473705e-05
22,0,0,8.447501512276961e-07
22,0,1,1.227508455587211e-06
22,0,2,5.549127027658775e-06
22,0,3,1.2929260457743112e-05
22,0,4,1.9703756263721823e-05
22,0,5,2.2102007971733922e-05
22,0,6,1.919889501964889e-05
22,0,7,1.3550515197504535e-05
22,0,8,9.168515816979344e-06
22,0,9,8.506625580932952e-06
22,0,10,1.1054000952852902e-05
22,0,11,1.4311792833254376e-05
22,0,12,1.61392645754183e-05
22,0,13,1.6242037478250075e-05
22,0,14,1.5900000526476656e-05
22,0,15,1.6457557166759773e-05
22,0,16,1.821806099404485e-05
22,0,17,2.0475383221736296e-05
22,0,18,2.2441338267234533e-05
22,0,19,2.391054767190363e-05
22,0,20,2.5202992049276705e-05
22,0,21,2.658896304240767e-05
22,0,22,2.7933830695172105e-05
22,0,23,2.877944832245928e-05
22,0,24,2.876432306154553e-05
22,1,0,-5.118762859516036e-06
22,1,1,-1.0504370013317017e-05
22,1,2,-1.37075492826484e-05
22,1,3,-1.3185550247755647e-05
22,1,4,-1.0558647202736095e-05
22,1,5,-9.46725718232441e-06
22,1,6,-1.2285998856253902e-05
22,1,7,-1.756822920273213e-05
22,1,8,-2.09576773553368e-05
22,1,9,-1.895762280637581e-05
22,1,10,-1.228357450714073e-05
22,1,11,-5.586871058344781e-06
22,1,12,-3.672179864374806e-06
22,1,13,-7.500196918848109e-06
22,1,14,-1.3488190798844257e-05
22,1,15,-1.6466394545009647e-05
22,1,16,-1.3654325651907555e-05
22,1,17,-6.244047201382698e-06
22,1,18,2.1341189812714264e-06
22,1,19,8.397957697154322e-06
22,1,20,1.1653940046870185e-05
22,1,21,1.2875595903964277e-05
22,1,22,1.3254097045460296e-05
22,1,23,1.3091579798576677e-05
22,1,24,1.1811839243387268e-05
22,2,0,2.707015523221109e-06
22,2,1,1.0899190946085893e-06
22,2,2,2.5420475518775733e-06
22,2,3,6.287309318405527e-06
22,2,4,9.588000245539473e-06
22,2,5,9.887822090606346e-06
22,2,6,7.112102427094837e-06
22,2,7,3.649060144913347e-06
22,2,8,2.488354985661506e-06
22,2,9,4.588770093671345e-06
22,2,10,8.316271974994195e-06
22,2,11,1.0814671420291755e-05
22,2,12,1.0678499688725912e-05
22,2,13,8.934838248377116e-06
22,2,14,8.172653300699266e-06
22,2,15,1.0076071489571725e-05
22,2,16,1.41912258482162e-05
22,2,17,1.8320215440470206e-05
22,2,18,2.0684850768612332e-05
22,2,19,2.120256717478956e-05
22,2,20,2.1437857095623117e-05
22,2,21,2.2810726999278764e-05
22,2,22,2.5456279779132894e-05
22,2,23,2.8007742784101402e-05
22,2,24,2.9089153828496537e-05
23,0,0,-8.405871028773426e-06
23,0,1,-6.06021612774437e-06
23,0,2,-5.548127674865575e-06
23,0,3,-6.607061466866156e-06
23,0,4,-7.718580424317424e-06
23,0,5,-7.472380204878823e-06
23,0,6,-5.619242158050531e-06
23,0,7,-2.9125418656977538e-06
23,0,8,-3.77602765353589e-07
23,0,9,1.439520586777785e-06
23,0,10,2.5179977831202223e-06
23,0,11,3.167621300143134e-06
23,0,12,3.6721340258411537e-06
23,0,13,4.290834176846171e-06
23,0,14,5.139649587552428e-06
23,0,15,6.163952003580733e-06
23,0,16,6.8857808517501615e-06
23,0,17,6.524321458432024e-06
23,0,18,4.285346285733897e-06
23,0,19,7.836469083843174e-08
23,0,20,-5.182549725678558e-06
23,0,21,-9.666126569181702e-06
23,0,22,-1.1712785082547514e-05
23,0,23,-1.0873685985784021e-05
23,0,24,-8.48409557784491e-06
23,1,0,-2.587343071710191e-07
23,1,1,4.904087545900046e-06
23,1,2,9.038596315884533e-06
23,1,3,1.1671912390040788e-05
23,1,4,1.169846599774943e-05
23,1,5,8.287185606402315e-06
23,1,6,2.518002512492742e-06
23,1,7,-2.700149747615117e-06
23,1,8,-4.5883368103889636e-06
23,1,9,-2.6270098196991314e-06
23,1,10,1.6232765361526275e-06
23,1,11,6.40904700504127e-06
23,1,12,1.1391871691234358e-05
23,1,13,1.698656149374785e-05
23,1,14,2.2705147031957607e-05
23,1,15,2.65638580778816e-05
23,1,16,2.6845519132472854e-05
23,1,17,2.3912731914411955e-05
23,1,18,2.014996310220976e-05
23,1,19,1.7598398233833134e-05
23,1,20,1.6124719935930814e-05
23,1,21,1.3948351469052602e-05
23,1,22,1.018552008361399e-05
23,1,23,6.0686409591913725e-06
23,1,24,3.7217138569545195e-06
23,2,0,-5.7258331196972435e-06
23,2,1,-6.084866708710665e-06
23,2,2,-6.748735277661833e-06
23,2,3,-7.094281423844864e-06
23,2,4,-6.839871013712077e-06
23,2,5,-5.916658207696425e-06
23,2,6,-3.83085176760203e-06
23,2,7,-2.6982602723440283e-07
23,2,8,4.200659594811082e-06
23,2,9,7.763905275354611e-06
23,2,10,8.86354986980259e-06
23,2,11,7.5649463942173314e-06
23,2,12,5.904357837368477e-06
23,2,13,5.825026251329499e-06
23,2,14,7.3837910540314904e-06
23,2,15,8.368188116132289e-06
23,2,16,6.653833505894369e-06
23,2,17,2.1790825810076862e-06
23,2,18,-2.6463038405900456e-06
23,2,19,-5.372350722628283e-06
23,2,20,-5.442243208713727e-06
23,2,21,-4.541783050092429e-06
23,2,22,-4.35250883248182e-06
23,2,23,-5.067661261844988e-06
23,2,24,-5.31517188126943e-06
24,0,0,8.883727555758915e-06
24,0,1,9.786602604748345e-06
24,0,2,1.0170195461458643e-05
24,0,3,1.0075959439822797e-05
24,0,4,9.24678620458448e-06
24,0,5,7.775564270009311e-06
24,0,6,6.8816029968258425e-06
24,0,7,8.35886615909809e-06
24,0,8,1.3168472119789152e-05
24,0,9,2.011789941171779e-05
24,0,10,2.6252677007618198e-05
24,0,11,2.85672697537358e-05
24,0,12,2.6011706018994833e-05
24,0,13,1.9976651244448885e-05
24,0,14,1.3334019075468464e-05
24,0,15,8.521654799204762e-06
24,0,16,6.406000561542816e-06
24,0,17,6.164163006354688e-06
24,0,18,6.29863434660076e-06
24,0,19,5.655912984972453e-06
24,0,20,4.1340412897008095e-06
24,0,21,2.4008985195326393e-06
24,0,22,1.337505202094403e-06
24,0,23,1.2648788658441618e-06
24,0,24,1.89511050034479e-06
24,1,0,1.5845371180703803e-05
24,1,1,2.054715035832897e-05
24,1,2,1.9587370043991055e-05
24,1,3,1.3036196663583762e-05
24,1,4,3.843398065301001e-06
24,1,5,-3.7125821662147658e-06
24,1,6,-6.644008780181537e-06
24,1,7,-4.623587370363434e-06
24,1,8,-3.0339854103738764e-08
24,1,9,4.147228235477256e-06
24,1,10,6.130204656471753e-06
24,1,11,6.355698227827596e-06
24,1,12,6.045922145000429e-06
24,1,13,5.7415691972618045e-06
24,1,14,4.38841095447035e-06
24,1,15,8.987893258797741e-07
24,1,16,-4.369902009417704e-06
24,1,17,-8.95038042166837e-06
24,1,18,-1.0445065137111619e-05
24,1,19,-8.419853964324725e-06
24,1,20,-5.237932860671472e-06
24,1,21,-3.6809863198043595e-06
24,1,22,-4.773302933432018e-06
24,1,23,-6.6300702279723455e-06
24,1,24,-6.646414939400402e-06
24,2,0,7.1868243301186595e-06
24,2,1,7.0283830747512425e-06
24,2,2,8.133303466143881e-06
24,2,3,1.0394123246712582e-05
24,2,4,1.2097977922361012e-05
24,2,5,1.1518298732622319e-05
24,2,6,8.997350366746638e-06
24,2,7,7.002815359314013e-06
24,2,8,8.331387777162904e-06
24,2,9,1.3587872874835471e-05
24,2,10,2.0536501266606166e-05
24,2,11,2.546716461188591e-05
24,2,12,2.5819510140560713e-05
24,2,13,2.1634275939919436e-05
24,2,14,1.536619697777475e-05
24,2,15,9.977410230448992e-06
24,2,16,7.296775692839557e-06
24,2,17,7.173896408437137e-06
24,2,18,8.248987555954418e-06
24,2,19,9.054981045080064e-06
24,2,20,9.153152632248066e-06
24,2,21,9.028975316987934e-06
24,2,22,9.56809031482734e-06
24,2,23,1.1035785592694363e-05
24,2,24,1.2917643663643203e-05
